[
    {
        "Misc": "100080307767340",
        "Status": 2,
        "Onlist": []
    },
    {
        "Misc": "7559930934046919",
        "Status": 1,
        "Onlist": []
    },
    {
        "Misc": "5449870711722439",
        "Status": 2,
        "Onlist": []
    },
    {
        "Misc": "100077844531794",
        "Status": 2,
        "Onlist": []
    },
    {
        "Misc": "4541516112618447",
        "Status": 1,
        "Onlist": []
    },
    {
        "Misc": "2923265441060803",
        "Status": 2,
        "Onlist": []
    },
    {
        "Misc": "5124372174311000",
        "Status": 2,
        "Onlist": []
    },
    {
        "Misc": "3530587426993917",
        "Status": 2,
        "Onlist": []
    },
    {
        "Misc": "5291168210939755",
        "Status": 1,
        "Onlist": []
    },
    {
        "Misc": "4701739646580787",
        "Status": 2,
        "Onlist": []
    },
    {
        "Misc": "2972579886174255",
        "Status": 2,
        "Onlist": []
    },
    {
        "Misc": "5158260980900843",
        "Status": 2,
        "Onlist": []
    },
    {
        "Misc": "3040115269398532",
        "Status": 2,
        "Onlist": []
    },
    {
        "Misc": "5710156198999338",
        "Status": 1,
        "Onlist": []
    },
    {
        "Misc": "5166163363422964",
        "Status": 1,
        "Onlist": []
    },
    {
        "Misc": "100079810500489",
        "Status": 2,
        "Onlist": []
    },
    {
        "Misc": "6904930982910302",
        "Status": 2,
        "Onlist": []
    },
    {
        "Misc": "5069537516463169",
        "Status": 2,
        "Onlist": []
    },
    {
        "Misc": "5259321930793971",
        "Status": 2,
        "Onlist": []
    },
    {
        "Misc": "4951813401545888",
        "Status": 2,
        "Onlist": []
    },
    {
        "Misc": "4864393733682159",
        "Status": 1,
        "Onlist": []
    },
    {
        "Misc": "5764414916904536",
        "Status": 1,
        "Onlist": []
    },
    {
        "Misc": "100074419272115",
        "Status": 2,
        "Onlist": []
    },
    {
        "Misc": "5069064486521316",
        "Status": 2,
        "Onlist": []
    },
    {
        "Misc": "6115672868474119",
        "Status": 2,
        "Onlist": []
    },
    {
        "Misc": "7316022701771872",
        "Status": 2,
        "Onlist": []
    },
    {
        "Misc": "5255979127822539",
        "Status": 2,
        "Onlist": []
    },
    {
        "Misc": "4477597618918985",
        "Status": 2,
        "Onlist": []
    },
    {
        "Misc": "4222568817840837",
        "Status": 1,
        "Onlist": []
    },
    {
        "Misc": "5205637156160239",
        "Status": 1,
        "Onlist": []
    },
    {
        "Misc": "7021936721214973",
        "Status": 2,
        "Onlist": []
    },
    {
        "Misc": "4837763139666228",
        "Status": 2,
        "Onlist": []
    },
    {
        "Misc": "5328452937207004",
        "Status": 2,
        "Onlist": []
    },
    {
        "Misc": "4740438249328221",
        "Status": 2,
        "Onlist": []
    },
    {
        "Misc": "7416065991799038",
        "Status": 2,
        "Onlist": []
    },
    {
        "Misc": "5542300422450670",
        "Status": 2,
        "Onlist": []
    },
    {
        "Misc": "4807911605986222",
        "Status": 2,
        "Onlist": []
    },
    {
        "Misc": "7707572665949619",
        "Status": 2,
        "Onlist": []
    },
    {
        "Misc": "5023940074379698",
        "Status": 2,
        "Onlist": []
    },
    {
        "Misc": "5240961902635656",
        "Status": 2,
        "Onlist": []
    },
    {
        "Misc": "5333816189971148",
        "Status": 1,
        "Onlist": []
    },
    {
        "Misc": "5408049632590223",
        "Status": 2,
        "Onlist": []
    },
    {
        "Misc": "5293088884085190",
        "Status": 1,
        "Onlist": []
    },
    {
        "Misc": "5028083183953359",
        "Status": 2,
        "Onlist": []
    },
    {
        "Misc": "4787547334677383",
        "Status": 1,
        "Onlist": []
    },
    {
        "Misc": "5259165417455697",
        "Status": 2,
        "Onlist": []
    },
    {
        "Misc": "5487492304662979",
        "Status": 2,
        "Onlist": []
    },
    {
        "Misc": "5614637015225970",
        "Status": 2,
        "Onlist": []
    },
    {
        "Misc": "5072949586166220",
        "Status": 2,
        "Onlist": []
    }
]